Sunset,3539
San,2575
Mission,1771
03rd,1655
Geary,1628
Market,1575
"",1494
19th,1481
25th,1444
Folsom,1399
17th,1358
18th,1353
24th,1216
15th,1132
California,1129
16th,1127
Harrison,1119
22nd,1118
20th,1100
The,1089
23rd,1080
26th,1055
Alemany,1053
Junipero,1047
21st,975
Bryant,930
Diamond,929
Cesar,924
Dolores,911
Washington,883
Van,873
Divisadero,848
28th,813
Jackson,812
Sacramento,809
Anza,803
27th,798
Sanchez,795
Broadway,781
Noe,780
Church,771
Webster,759
Bay,749
09th,745
14th,732
Clay,732
Cabrillo,729
Octavia,725
Balboa,725
Santa,724
10th,723
South,722
Guerrero,713
Green,712
Castro,709
Page,704
Valencia,702
Pacific,701
08th,686
Lake,682
Pine,681
Vallejo,680
29th,668
Broderick,649
La,638
04th,629
Turk,626
Gough,623
Waller,612
Fillmore,612
Baker,600
Golden,599
11th,599
Pierce,594
12th,593
Filbert,592
Shotwell,585
Fulton,577
Lyon,577
Steiner,570
Laguna,568
Scott,565
Greenwich,559
Monterey,554
06th,552
Bush,548
Lombard,547
Howard,546
Ocean,540
Union,535
McAllister,533
Sutter,530
Buchanan,530
07th,525
Alabama,522
Hyde,503
Evans,498
Irving,492
30th,491
Post,489
Franklin,474
Ellis,473
05th,464
Ingalls,464
Portola,463
Polk,457
Masonic,456
Douglass,456
Haight,450
Chestnut,448
York,448
Hayes,447
Eddy,442
De,441
Florida,438
Oak,435
Jones,434
Fell,416
02nd,410
Hudson,405
Kirkham,404
Bosworth,403
Taylor,403
Ulloa,400
Leavenworth,394
North,394
Newhall,391
Pacheco,388
Funston,380
Duncan,380
Silver,376
Whitney,372
Treat,371
O'Farrell,371
Rhode,366
Larkin,362
Joost,359
Arguello,354
Clayton,348
Grove,341
Saint,341
35th,340
Cargo,340
Francisco,339
Mansell,334
Stanyan,333
Brannan,330
Oakdale,329
Clipper,324
Liberty,320
Beach,318
Hampshire,317
Potrero,315
Chenery,313
Fairfax,313
34th,310
Elizabeth,310
Fair,309
Vermont,307
41st,306
Taraval,302
Ortega,302
Ashbury,301
Lawton,297
Palou,292
King,291
33rd,289
Cole,289
Noriega,289
47th,287
Hearst,286
Mendell,285
Brotherhood,284
32nd,283
Wawona,281
Quesada,279
Shrader,279
Bartlett,274
Jersey,273
West,273
Miramar,269
Pennsylvania,267
Kansas,267
Mangels,264
45th,261
Plymouth,260
Belvedere,258
Minnesota,255
Montgomery,254
31st,252
44th,249
Valley,247
Indiana,247
Capp,246
Illinois,246
Buena,243
Flood,243
Staples,241
Mason,240
GEARY,239
Spear,235
Alvarado,234
Revere,234
Jamestown,233
Innes,233
Carolina,232
Duboce,232
Frederick,231
Clementina,230
Naples,229
Minna,229
Hill,229
Wisconsin,229
43rd,228
Coleridge,228
Parnassus,227
42nd,226
Missouri,225
Natoma,222
Powell,220
40th,220
El,220
Arkansas,217
Magellan,216
Newcomb,214
Laidley,213
Castenada,212
Columbus,211
Jefferson,211
Quintara,210
Cayuga,209
37th,208
Prospect,207
Athens,207
Tennessee,207
Berry,207
Vicente,206
Mariposa,206
39th,206
Sloat,206
Precita,205
Eureka,204
Clement,204
Jennings,202
Park,201
Elsie,197
Moultrie,196
Cortland,196
Corbett,196
Faxon,194
48th,193
Geneva,193
Keith,192
Collingwood,191
Battery,187
Eugenia,186
Main,186
Moraga,186
38th,184
Andover,182
HAYES,181
TURK,181
46th,180
Tehama,178
Prentiss,178
Persia,177
Townsend,176
Day,176
FILLMORE,175
Santiago,175
Cashmere,174
GROVE,174
36th,174
Central,173
Carl,173
Lisbon,172
Vienna,172
Mississippi,172
Sunnydale,171
Beale,171
Henry,171
Gates,170
Connecticut,169
Lower,168
Sansome,167
Anderson,166
Richland,164
Utah,163
Chattanooga,163
Jerrold,163
Peralta,161
Banks,160
Sussex,160
Texas,159
Edinburgh,157
Madrid,156
Crescent,156
Phelps,156
Surrey,155
Willard,154
Hartford,154
Gonzalez,153
Armstrong,153
Spruce,152
Roosevelt,150
Congo,150
MCALLISTER,150
Nevada,148
Marietta,148
Felton,147
Edna,146
Lily,146
Judah,146
University,146
Detroit,145
Delano,144
Ellsworth,144
Hoffman,142
WEBSTER,142
01st,140
Cumberland,138
Judson,137
Capitol,137
FULTON,136
Ralston,136
Vicksburg,136
Caselli,135
Franconia,134
Eastwood,133
Presidio,132
Yosemite,132
Lane,130
UNION,129
Winfield,129
States,128
Lincoln,128
Dewey,127
Foerster,127
Stockton,126
Point,126
DIVISADERO,126
Bridgeview,125
Melrose,125
Randall,124
Montcalm,123
Esmeralda,123
Ivy,122
Lakeview,122
Lexington,122
Trumbull,121
Walnut,120
Downey,120
SUTTER,119
Dorantes,118
Front,118
Woodland,117
Prague,117
Bocana,117
Owen,117
Laurel,117
Marina,117
Seacliff,116
Edgewood,115
Teresita,115
Bonview,114
Granada,113
Virginia,113
GOLDEN,112
Holloway,112
Victoria,111
Paris,111
POLK,111
Euclid,111
Capistrano,111
Linden,111
Yerba,110
Cherry,110
Channel,109
Shafter,109
Rivera,108
Fremont,108
Leland,108
Los,107
Darien,107
Hermann,107
LAGUNA,107
Galvez,106
Kearny,106
Terrace,106
POST,105
Upper,105
Locust,105
BRODERICK,105
Parker,105
Otis,104
London,104
Bowdoin,104
Bennington,104
Palm,103
Grant,103
Tompkins,101
Vasquez,101
Peninsula,101
Mullen,101
Grattan,100
Broad,100
Goettingen,100
Alma,100
Hickory,100
McCoppin,100
Gold,100
SCOTT,100
China,99
Silliman,99
Alameda,99
Stevenson,98
Minerva,98
Madrone,98
McKinnon,97
Head,97
Steuart,97
Hugo,97
Vernon,96
Bradford,95
Powhattan,95
Germania,95
Delancey,95
Davis,94
Maple,94
Peru,94
Highland,94
Hancock,94
Shipley,93
Rose,92
Forest,92
Thomas,92
Lundy's,91
Manchester,90
Jordan,90
Shields,90
Executive,88
LOMBARD,88
STAIRWAY5,87
Walter,87
Colon,86
Bacon,86
PINE,86
Brewster,85
ELLIS,85
Appleton,85
Winding,84
Drumm,84
Beaver,84
Otsego,84
Cervantes,84
Putnam,84
Carroll,84
Moscow,82
Addison,82
Kalmanovitz,82
BAKER,82
Mirabel,81
Albion,81
Burrows,81
Girard,80
Merced,80
Ripley,80
Long,80
Terry,80
Sotelo,79
Orizaba,79
Alpine,79
SAN,79
Munich,79
Avalon,78
BUSH,78
Rutledge,78
15TH,78
Ashton,77
Jarboe,77
Tocoloma,77
Bright,76
Grand,76
Morse,76
Napoleon,75
Orsi,75
PIERCE,74
Rossmoor,74
Majestic,74
EDDY,74
Edinburg,74
Laussat,74
MARKET,74
CALIFORNIA,74
Jules,73
BUCHANAN,73
BOSWORTH,73
Langton,72
LYON,72
JUNIPERO,72
Byxbee,72
Baden,72
Valdez,72
Woolsey,72
Juanita,71
Wool,71
Pinehurst,71
Delmar,71
Hazelwood,71
Somerset,70
Brussels,70
Beacon,70
Holyoke,70
Lippard,70
Griffith,70
Gennessee,69
Hamilton,69
Arch,69
Dorado,69
Bemis,69
Commonwealth,68
STEINER,68
Carmel,68
Brunswick,67
Sagamore,67
Landers,67
Bluxome,67
Clara,67
Rivoli,67
Randolph,67
Ford,67
Stillings,66
Julian,66
Schwerin,66
MAYFAIR,65
Cambridge,65
Holly,65
Ramsell,65
Dore,65
Ney,65
Ardath,65
NOE,65
Dorland,64
Coso,64
Westbrook,64
Amador,64
Industrial,64
Gaven,64
COMMONWEALTH,64
Brady,63
Great,63
GOUGH,63
Wallace,63
Ord,63
Richardson,63
Excelsior,62
Barneveld,62
Farallones,62
Bancroft,62
Cornwall,62
FOLSOM,62
FRANCISCO,61
GUERRERO,61
Belcher,61
COLUMBUS,61
Tiffany,61
Lobos,61
Lathrop,61
Harbor,60
Beulah,60
Turquoise,60
Clinton,60
Sweeny,59
Colby,59
HARRISON,59
Garcia,59
Tulare,59
Bronte,58
Quint,58
Edgehill,58
SHOTWELL,58
Arlington,58
STANYAN,58
Aptos,58
Montecito,58
CHESTNUT,58
Cleary,57
Casitas,57
Russ,57
Miguel,57
Ogden,57
Gilman,57
Granville,56
Hester,56
MacOndray,56
Fitzgerald,55
Fairmount,55
Clifford,55
Yale,55
Elk,55
Alhambra,55
College,55
Burke,55
Ellert,54
IVY,54
Manor,54
Jack,54
Wayland,54
VICENTE,54
19TH,54
Chilton,54
Curtis,54
Westgate,54
Eucalyptus,54
CASTRO,53
Olmstead,53
Middle,53
17TH,53
Arthur,53
Kirkwood,53
Elmira,53
25TH,53
Homestead,53
Russia,52
Marston,52
Topeka,52
BAY,52
Rockdale,52
Montana,52
Newman,52
Roanoke,52
Alton,52
Lomita,51
Malta,51
Austin,51
Fountain,51
Moffitt,51
Conrad,51
Seward,51
Amber,50
Blanken,50
Ewing,50
13th,50
Lee,50
Mount,49
16TH,49
Cresta,49
Willow,49
United,49
Dellbrook,49
Myrtle,49
Hwy,49
MISSION,48
Kensington,48
Madison,48
Brookdale,48
Congdon,48
Bertha,48
Levant,48
Oxford,47
Wheeler,47
Burnside,47
Sargent,46
LAKE,46
Milton,46
Tunnel,46
Osceola,46
Elgin,46
Foote,46
PARKER,45
Brighton,45
Grafton,45
Dedman,45
Maynard,45
Kenwood,44
Ellington,44
OCTAVIA,44
Division,44
Lapidge,44
Commercial,44
Harper,44
Carter,44
Maywood,43
Oneida,43
JORDAN,43
Hawes,43
Pomona,43
Dwight,43
Underwood,43
Kingston,43
CHURCH,43
Raymond,43
Garfield,43
Seneca,43
Molimo,43
Brompton,43
Rome,43
Beaumont,43
18TH,43
KEARNY,42
Cranleigh,42
Idora,42
Nebraska,42
Monticello,42
Harvard,42
Craut,42
Mars,41
Wildwood,41
LINDEN,41
Ridgewood,41
09TH,41
Mateo,41
Naylor,41
BRYANT,41
FELL,41
SANCHEZ,41
Daniel,41
Cordova,41
Sharon,41
Santos,40
CENTRAL,40
Lansing,40
26TH,40
Ingerson,40
Lunado,40
Dartmouth,40
Stoneman,40
Olive,39
Cook,39
Italy,39
Thrift,39
Retiro,39
Montalvo,39
OCEAN,39
Westwood,39
Normandie,39
Amazon,39
Freelon,38
Ventura,38
Saturn,38
GREENWICH,38
Sycamore,38
Argonaut,38
Lopez,38
Carmelita,38
Hawthorne,38
Rolph,38
Lafayette,38
Tomaso,38
"",38
Egbert,38
Rankin,38
SEACLIFF,37
Stillman,37
Ervine,37
Kiska,37
IRVING,37
Lydia,37
WALLER,37
Joy,37
STOCKTON,37
Gladys,37
Federal,36
Le,36
Theresa,36
Hawkins,36
PAGE,36
Newton,36
Wilde,36
Stanford,36
Bitting,36
Loomis,36
Rossi,36
Eagle,36
Gambier,36
20TH,35
Harriet,35
BROADWAY,35
Upland,35
John,35
Belgrave,35
Houston,35
Ramona,35
Linares,35
Almaden,35
JACKSON,35
Mayflower,35
Crags,34
Burlwood,34
Twin,34
Pope,34
Arleta,34
Arbor,34
Nelson,34
Harry,34
COLE,33
Campbell,33
France,33
Leroy,33
03RD,33
Reuel,33
SACRAMENTO,33
23RD,33
Lakewood,33
Worth,33
Tara,33
Bessie,33
Woodward,33
Nueva,33
SHRADER,33
Escolta,33
TAYLOR,33
Wilder,33
INDIANA,33
CLAYTON,32
Jessie,32
FILBERT,32
Rousseau,32
Lois,32
Martha,32
Beideman,32
Digby,32
Berkeley,32
Marcela,32
Cameo,32
MASONIC,32
Maiden,32
Owens,32
Pfeiffer,32
Friedell,32
Alpha,32
Uranus,31
Rutland,31
Fern,31
MASON,31
ULLOA,31
Arelious,31
Sadowa,31
Newburg,31
Cerritos,31
Allison,31
Oakwood,31
ASHBURY,31
Mallorca,31
Myra,31
Elmhurst,31
Thornton,30
Donahue,30
Seville,30
DIAMOND,30
Rausch,30
Avila,30
Marsily,30
HENRY,30
Shore,30
Clarendon,30
Brazil,30
Wilson,29
Howth,29
Hamerton,29
Princeton,29
Cotter,29
Cecelia,29
Serrano,29
Hahn,29
Cecilia,29
CLAY,29
Scenic,29
Murray,29
Nido,29
Sequoia,29
Circular,29
Cuvier,29
Moulton,29
Donner,29
Holladay,29
Ofarrell,29
STAIRWAY46,28
Keystone,28
GRANT,28
Fairfield,28
GREEN,28
Danvers,28
Harkness,28
6TH,28
Montezuma,28
ELSIE,28
Caine,28
Potomac,28
Red,28
Key,28
Karen,28
24TH,28
Acacia,27
Dearborn,27
Beatrice,27
Blythdale,27
Chaves,27
PRESIDIO,27
14TH,27
Belmont,27
POWELL,27
Ave,27
Moncada,27
Storrie,27
Aloha,27
REVISED,26
Penny,26
Amethyst,26
Romain,26
Northwood,26
Flora,26
TARAVAL,26
Tucker,26
DOLORES,26
Agua,26
Pearl,26
STAIRWAY25,26
Peter,26
Lansdale,26
Moss,26
Lamartine,25
Delta,25
Sea,25
Still,25
MAIN,25
Prosper,25
ALABAMA,25
BROTHERHOOD,25
Frank,25
Baldwin,24
Font,24
HOWARD,24
Everson,24
Mendosa,24
Hattie,24
Rico,24
28TH,24
Flournoy,24
Irwin,24
Meda,24
STAIRWAY4,24
Phelan,24
Catalina,24
Urbano,24
HIGUERA,24
Collins,24
Colin,24
Navy,24
Corona,23
Norwich,23
Heather,23
Wood,23
Chicago,23
Clarence,23
Topaz,23
Niagara,23
Tulane,23
Larch,23
New,23
THE,23
Leese,23
Southwood,22
Clover,22
Brentwood,22
STAIRWAY15,22
Dublin,22
Hale,22
Priest,22
GONZALEZ,22
Pixley,22
Sola,22
INNES,22
Greenwood,22
Lyell,22
NORIEGA,22
Hollister,22
VALENCIA,22
Garrison,22
Fernwood,22
Bella,22
Welsh,22
ANZA,22
STAIRWAY33,21
FONT,21
NOTES),21
Swiss,21
Lakeshore,21
Vista,21
Coral,21
Amherst,21
Sunview,21
Seal,21
Kronquist,21
Maddux,21
WILLOW,21
Kelloch,21
TRUMBULL,21
Loraine,21
Cortes,21
Acadia,21
Baltimore,21
LARKIN,21
08TH,21
ARKANSAS,21
22ND,21
Woodacre,20
Huron,20
Toland,20
Corbin,20
Corwin,20
21ST,20
Elm,20
Rhine,20
Gilbert,20
Pizarro,20
Pioche,20
Guy,20
Loma,20
Ada,20
Onondaga,20
Lurline,20
Drake,20
Deming,20
HAIGHT,20
STAIRWAY13,20
Desmond,20
Hubbell,20
Hollis,20
Del,20
Powers,20
10TH,19
Beverly,19
Gillette,19
Garlington,19
Dunsmuir,19
Havens,19
Dukes,19
Southern,19
Davidson,19
Vandewater,19
Margaret,19
Byron,19
Hillway,19
Brosnan,19
George,19
Glenview,19
Camp,19
Hunters,18
Faith,18
Adair,18
Ceres,18
SANTA,18
Venus,18
CLEMENT,18
Kissling,18
Whitfield,18
Higuera,18
Valmar,18
Boardman,18
LILY,18
HUDSON,18
EUCLID,18
Rotteck,18
Commer,18
DAVIS,18
Robert,18
Concord,18
Issleib,18
Porter,17
WEST,17
PORTOLA,17
JONES,17
Hoff,17
Pond,17
STAIRWAY14,17
Exeter,17
Zoe,17
PACHECO,17
Sheridan,17
WASHINGTON,17
EVANS,17
McLaren,17
ALEMANY,17
TOMASO,17
Nordhoff,17
KANSAS,17
Claremont,17
KEITH,17
Ritch,17
Robblee,17
Hanover,16
VANDEWATER,16
Joice,16
Temple,16
Miller,16
Rae,16
Paloma,16
SOUTH,16
SUNSET,16
Gould,16
Benton,16
Cyril,16
Emerson,16
Blake,16
DIVISION,16
CORBETT,16
Rosie,16
Las,16
Tioga,16
Casa,16
Fowler,16
Teddy,16
07TH,16
HESTER,16
PACIFIC,16
Magnolia,16
CESAR,16
POTRERO,16
FREMONT,15
30TH,15
RHODE,15
STAIRWAY19,15
Williams,15
TEHAMA,15
Moneta,15
Crestlake,15
McLea,15
DOUGLASS,15
Graystone,15
VALLEJO,15
Reed,15
CLEMENTINA,15
Visitacion,15
EXECUTIVE,15
CABRILLO,15
Merrimac,15
Latona,15
Locksley,15
BEACH,15
EUGENIA,15
Grijalva,15
Mesa,15
HOLLIS,15
Hernandez,15
Williar,15
Waltham,14
Poppy,14
#8,14
Yukon,14
CARROLL,14
Ohlone,14
Alta,14
Guttenberg,14
SANSOME,14
ELIZABETH,14
Gladstone,14
STAIRWAY35,14
29TH,14
Roselyn,14
Edward,14
Entrada,14
Naglee,14
Tingley,14
Warren,14
Hastings,14
Seymour,14
PFEIFFER,14
Hemlock,14
FRANCONIA,14
WOOD,14
Woodside,14
Anthony,14
DUNCAN,14
HAMPSHIRE,14
ESMERALDA,14
REVERE,14
DRUMM,14
Dalmar,14
Bishop,14
Rosemont,14
ARLINGTON,14
Miraloma,14
NEWCOMB,13
Marion,13
Ottawa,13
Madera,13
YORK,13
Escondido,13
Britton,13
ARBALLO,13
Wanda,13
VAN,13
Stonecrest,13
Palmetto,13
STAIRWAY54,13
MIDWAY,13
LUNDYS,13
DE,13
Ardenwood,13
Farnum,13
Paulding,13
Toledo,13
SPEAR,13
QUINTARA,13
Dashiell,13
Birch,13
STAIRWAY51,13
Beachmont,13
Natick,13
Atalaya,13
Ina,13
KITTREDGE,13
04TH,13
Sutro,13
CAPITOL,13
Loyola,13
HILL,13
Lucy,13
Mizpah,13
Fallon,13
HEMWAY,13
Perine,13
FREELON,12
Paradise,12
OAK,12
Trenton,12
PROSPECT,12
Boylston,12
#15,12
LAWTON,12
BRANNAN,12
STAIRWAY38,12
Piedmont,12
Jakey,12
Rosewood,12
HEARST,12
CASTENADA,12
@,12
Rockaway,12
Temescal,12
Cragmont,12
Dichiera,12
FAIR,12
Merrill,12
STAIRWAY56,12
Alice,12
STAIRWAY48,12
02ND,12
Gorham,12
Bache,12
Badger,12
Helena,12
Museum,12
STAIRWAY39,12
SANTIAGO,12
Lenox,12
Juan,12
Lawrence,12
BALBOA,12
LEAVENWORTH,11
OLYMPIA,11
COOK,11
Lowell,11
Gaviota,11
STAIRWAY37,11
DARIEN,11
Diana,11
Rizal,11
Linda,11
VIDAL,11
Bird,11
Megan,11
JENNINGS,11
Lindsay,11
Quartz,11
JUDAH,11
TEXAS,11
HYDE,11
Burnett,11
Panorama,11
Sierra,11
Tamalpais,11
Vega,11
Heyman,11
Michigan,11
Anzavista,11
STAIRWAY1,11
Waverly,11
Colton,11
47TH,11
Ruth,11
Ordway,11
Waterville,11
Ankeny,11
Lauren,11
Marne,11
CAPP,11
Paul,11
Northgate,11
RIVERA,11
Samoset,11
FUNSTON,11
JULIAN,10
BLANKEN,10
Trainor,10
05TH,10
11TH,10
Massasoit,10
WILMOT,10
Pleasant,10
Capra,10
EUREKA,10
SERRANO,10
FLORIDA,10
Lucerne,10
Bucareli,10
St,10
Wilmot,10
SLOAT,10
Lillian,10
RUSS,10
Velasco,10
Ravenwood,10
06TH,10
27TH,10
Summit,10
FAIRFAX,10
Stoneybrook,10
ALAMEDA,10
DORLAND,10
Waterloo,10
Lech,10
Cross,10
ALBION,10
Sherman,10
Canyon,10
Leidesdorff,10
CAROLINA,10
PARNASSUS,10
DORADO,10
Dorman,10
Chapman,10
Farragut,10
Sproule,10
Campus,10
Kittredge,10
ALMA,10
MORAGA,10
JESSIE,10
Redwood,10
ST,10
LOBOS,10
MacEdonia,9
Encline,9
Elliot,9
Ironwood,9
ILLINOIS,9
6th,9
Danton,9
Bernard,9
Ledyard,9
CASELLI,9
WESTGATE,9
MARIPOSA,9
BURNETT,9
MARINA,9
Josiah,9
EWING,9
Harold,9
Whipple,9
Russell,9
GREAT,9
DETROIT,9
KIRKHAM,9
LAIDLEY,9
Walbridge,9
Aztec,9
Marview,9
ROOSEVELT,9
STAIRWAY16,9
SPRUCE,9
OWENS,9
STORRIE,9
GARCES,9
Havelock,9
EL,9
BELMONT,9
OGDEN,9
CORTLAND,9
Bonifacio,9
HAWTHORNE,9
CUMBERLAND,8
STAIRWAY41,8
Mary,8
High,8
Prado,8
Rudden,8
PERALTA,8
Miley,8
Crespi,8
Mayfair,8
WILDWOOD,8
Camellia,8
LANGTON,8
TERRA,8
Paramount,8
ARGUELLO,8
Mansfield,8
Evelyn,8
Allston,8
Apparel,8
JERROLD,8
POND,8
DUBOCE,8
Bellair,8
HAWES,8
on,8
BELVEDERE,8
Charles,8
Estero,8
Panama,8
Crestmont,8
Young,8
Winston,8
Cora,8
WELSH,8
BRIGHTON,8
Cedro,8
TRAINOR,8
VALLEY,8
PALOU,8
ITALY,8
STAIRWAY30,8
LINCOLN,8
PRECITA,8
Goethe,8
Starview,8
FRANKLIN,8
Chester,8
Washburn,8
Valletta,8
SUSSEX,8
SHERMAN,8
Decatur,8
WOODSIDE,8
Peters,8
Darrell,8
Hillview,8
LIBERTY,7
Terra,7
WALNUT,7
BRONTE,7
STILLMAN,7
40TH,7
Bell,7
MONTEREY,7
MISSOURI,7
STAIRWAY52,7
SHIPLEY,7
ATALAYA,7
Norton,7
Carpenter,7
MENDOSA,7
Roscoe,7
MELROSE,7
WOODLAND,7
Thor,7
DOWNEY,7
STAIRWAY47,7
Shaw,7
Lagunitas,7
JARBOE,7
Starr,7
#9,7
DASHIELL,7
BARTLETT,7
Elmwood,7
MOUNT,7
Summer,7
HOFF,7
Mabrey,7
Palo,7
NORTH,7
Sawyer,7
Wheat,7
Omar,7
Carr,7
CAYUGA,7
CASHMERE,7
COLLINS,7
JOOST,7
Cuesta,7
COLON,7
SAINT,7
8th,7
Annapolis,7
Augusta,7
EDGEWOOD,7
Garces,7
Ridge,7
Edgar,7
STAIRWAY45,7
ORDWAY,7
MONTGOMERY,7
Crane,7
Gilroy,7
ORD,7
CLINTON,7
Lundys,7
GENEVA,7
Kimball,7
FLOOD,7
Country,7
Arroyo,7
STAIRWAY24,7
Lapu-lapu,7
Napier,7
DORMAN,7
CONNECTICUT,7
HOWTH,7
FREDERICK,7
BEAUMONT,7
MAGELLAN,7
PHELPS,6
Yorba,6
UPPER,6
(REVISED),6
JERSEY,6
12TH,6
Matthew,6
Codman,6
Heron,6
Chabot,6
Ecker,6
GUY,6
LEROY,6
Florentine,6
Hidalgo,6
COLLINGWOOD,6
Meade,6
Wright,6
KEMPTON,6
3RD,6
Castle,6
MONTCALM,6
48TH,6
CLIPPER,6
Mill,6
HUGO,6
Merritt,6
9TH,6
LANE,6
LINARES,6
Cedar,6
STAIRWAY21,6
Ora,6
Hare,6
Ignacio,6
ORBEN,6
LOMITA,6
Bernice,6
GALVEZ,6
BRUSSELS,6
Arago,6
Boutwell,6
ACEVEDO,6
34TH,6
LOYOLA,6
Gladeview,6
43RD,6
Northridge,6
Patton,6
Valparaiso,6
Melba,6
Colonial,6
Ward,6
STAIRWAY55,6
VERMONT,6
42ND,6
LUNADO,6
BOCANA,6
COLUMBIA,6
Kennedy,6
Hiliritas,6
Nibbi,6
Bernal,6
CONGO,6
Belle,6
Java,6
MINNA,6
Manzanita,6
Avery,6
Essex,6
Apollo,6
GELLERT,6
HERMANN,5
Orben,5
Grace,5
Hotaling,5
Dalewood,5
Hooper,5
Sala,5
BROADMOOR,5
Melra,5
Earl,5
Crestline,5
BELLAIR,5
WAWONA,5
STARVIEW,5
Whittier,5
Carnelian,5
Ramon,5
Florence,5
Brook,5
Richards,5
Arco,5
Fuente,5
Charter,5
Payson,5
AUSTIN,5
ANDOVER,5
Broadmoor,5
LEXINGTON,5
HIGHLAND,5
Erie,5
TEMPLE,5
Rayburn,5
Tandang,5
Gardenside,5
Zircon,5
CHABOT,5
WINSTON,5
OAKDALE,5
WOODWARD,5
#14,5
Reddy,5
Glover,5
HANGAH,5
SATURN,5
Hangah,5
TENNESSEE,5
Neptune,5
STEUART,5
CHENERY,5
HEAD,5
Sylvan,5
Crown,5
ORTEGA,5
Spofford,5
BEACON,5
Short,5
Junior,5
31ST,5
NEWHALL,5
LOS,5
Louisburg,5
VISITACION,5
Gate,5
Aerial,5
NATOMA,5
Sharp,5
BUENA,5
CRESCENT,5
PERU,5
ARBOR,5
GILROY,4
GARDENSIDE,4
MATEO,4
Phoenix,4
Costa,4
BRADY,4
CEDAR,4
CORTES,4
Lupine,4
GILMAN,4
Inverness,4
Encanto,4
Stratford,4
Bartol,4
Hallam,4
STAPLES,4
Sears,4
Lusk,4
TRENTON,4
THRIFT,4
CLEARY,4
35TH,4
ARLETA,4
OFARRELL,4
Vesta,4
Revised),4
OAKWOOD,4
Aquavista,4
HOFFMAN,4
HOLLADAY,4
DEWEY,4
Liebig,4
TIOGA,4
Riverton,4
TREAT,4
MADDUX,4
Harrington,4
LOWER,4
RIVOLI,4
Parsons,4
STAIRWAY22,4
STAIRWAY18,4
CHINA,4
Dicha,4
CHUMASERO,4
MESA,4
33RD,4
Bertita,4
HEMLOCK,4
-,4
BLAKE,4
KENWOOD,4
OTIS,4
Icehouse,4
Dehon,4
STAIRWAY44,4
Alviso,4
ROSSI,4
MCKINNON,4
DEARBORN,4
HIDALGO,4
Reposa,4
MISSISSIPPI,4
STAIRWAY17,4
BONVIEW,4
Salinas,4
Vulcan,4
GLADYS,4
Leo,4
RICHLAND,4
STAIRWAY29,4
Cardenas,4
GARFIELD,4
Nob,4
STRATFORD,4
ALPINE,4
PENINSULA,4
PLYMOUTH,4
Josepha,4
Mint,4
TOWNSEND,4
Admiral,4
CHATTANOOGA,4
Isis,4
Robinhood,4
GRAND,4
Morris,4
LOOMIS,4
St.,4
ATHENS,4
STANFORD,4
HARTFORD,4
MINERVA,4
Huntington,4
Barker,4
BENTON,4
BRAZIL,4
LYELL,4
Moreland,3
HANCOCK,3
PETER,3
Monroe,3
Watt,3
Unnamed,3
LELAND,3
Hemway,3
Alder,3
STATES,3
CAMPBELL,3
Sherwood,3
CARGO,3
PARKRIDGE,3
MADRONE,3
WINFIELD,3
Bass,3
Devonshire,3
PANORAMA,3
Cleveland,3
Bonita,3
DANVERS,3
JUDSON,3
POINT,3
THOR,3
B,3
PERSIA,3
CARL,3
JEFFERSON,3
FRIENDSHIP,3
Lone,3
MAIDEN,3
LAKESHORE,3
VICKSBURG,3
WARREN,3
ELLIOT,3
KNOLLVIEW,3
TUCKER,3
STILLINGS,3
Oceanview,3
SIERRA,3
Riley,3
ROSE,3
TAPIA,3
BURROWS,3
32ND,3
FRONT,3
JOY,3
Dorchester,3
Ringold,3
Iris,3
GRAFTON,3
CHRISTOPHER,3
NESS,3
STAIRWAY40,3
LAKEVIEW,3
Merchant,3
FAXON,3
COLERIDGE,3
AERIAL,3
COLONIAL,3
TEMESCAL,3
FAIRMOUNT,3
Osgood,3
SURREY,3
Talbert,3
ERVINE,3
PUTNAM,3
Coronado,3
Rice,3
BRENTWOOD,3
Juri,3
#11,3
Child,3
White,3
Ash,3
Embarcadero,3
FOREST,3
HOLLOWAY,3
36TH,3
TERESITA,3
HURON,3
BELGRAVE,3
Saroyan,3
Skyview,3
Stoneyford,3
GRAYSTONE,3
STANTON,3
STAIRWAY23,3
Burr,3
COLLEGE,3
larger,3
Jade,3
Midway,3
NORTHGATE,3
McCarthy,3
SEWARD,3
Stanton,3
Peabody,3
Clearfield,3
EUCALYPTUS,3
MANSELL,3
Seminole,3
41ST,3
508,3
LAUREL,3
RUTLEDGE,3
RAYMOND,3
Laura,3
POTOMAC,3
Middlefield,2
Springfield,2
ST.,2
Marin,2
Fortuna,2
CHESTER,2
DICHIERA,2
Mountview,2
WINDING,2
BEIDEMAN,2
CAMP,2
POWHATTAN,2
Taber,2
BERNAL,2
Kempton,2
MOLIMO,2
MALTA,2
STAIRWAY11,2
CLIFF,2
(Revised),2
Rodgers,2
Emil,2
Hillcrest,2
Raccoon,2
Dawnview,2
DWIGHT,2
SYCAMORE,2
STAIRWAY43,2
LAKEWOOD,2
ZIRCON,2
Walker,2
Diaz,2
RAMONA,2
Campton,2
Sumner,2
MARIETTA,2
Street,2
Mandalay,2
GLADEVIEW,2
Emmett,2
Converse,2
MIDCREST,2
FORD,2
BURKE,2
BRUNSWICK,2
STAIRWAY53,2
APTOS,2
CLARA,2
1175,2
Carrie,2
MOULTRIE,2
WOOL,2
1796,2
Cambon,2
Mercedes,2
EVERGLADE,2
Mulford,2
SOMERSET,2
Oriole,2
VIRGINIA,2
Pontiac,2
Shawnee,2
RACCOON,2
WOODACRE,2
CRANLEIGH,2
DELMAR,2
MIRAMAR,2
Buckingham,2
MANOR,2
Progress,2
OSHAUGHNESSY,2
PROSPER,2
MOSS,2
BIRD,2
VIENNA,2
Barcelona,2
LANDERS,2
Reardon,2
Rey,2
PINTO,2
GENEBERN,2
BATTERY,2
VALMAR,2
FARRAGUT,2
Borica,2
46TH,2
JULES,2
Rondel,2
MURRY,2
DORANTES,2
Gerke,2
Edith,2
BEALE,2
Bruce,2
BELCHER,2
HAZELWOOD,2
WALTER,2
STAIRWAY3,2
Toyon,2
Lloyd,2
AVILA,2
STAIRWAY12,2
Patterson,2
STAIRWAY9,2
CRAGS,2
CARMEL,2
MACONDRAY,2
STAIRWAY34,2
NEVADA,2
513,2
Waithman,2
Shakespeare,2
GILLETTE,2
DENSLOWE,2
Iowa,2
Arnold,2
NIDO,2
Skyline,2
Redfield,2
REY,2
BRADFORD,2
SOLA,2
LOCUST,2
-28,2
ROSEMONT,2
KEYSTONE,2
&,2
BRIGHT,2
CORNWALL,2
VILLA,2
CURTIS,2
Knollview,2
Monument,2
CANYON,2
ROLPH,2
Lorraine,2
CAINE,2
Balmy,2
Callan,2
GATES,2
FARALLONES,2
WAY,2
Espanola,2
Farnsworth,2
Rockwood,2
MANDALAY,2
KNOTT,2
ROCKWOOD,2
LEVANT,2
Valerton,2
WHITNEY,2
HATTIE,2
QUESADA,2
HAWKINS,2
Sparta,2
TER.,2
CARRIE,2
Scotia,2
WESTWOOD,2
Flower,1
MASSASOIT,1
666,1
Bayport,1
ULLA,1
Hollywood,1
STARR,1
45TH,1
Mountain,1
BROAD,1
Galewood,1
CLARENDON,1
BELLE,1
37TH,1
GLADSTONE,1
BERNARD,1
SHAFTER,1
WISCONSIN,1
TOLAND,1
69,1
CERRITOS,1
Bausch,1
Shoup,1
30,1
PALM,1
LATHROP,1
TWIN,1
Rollings,1
Denslowe,1
AMBER,1
ROUSSEAU,1
BAYSIDE,1
MILEY,1
ROSENKRANZ,1
EDGARDO,1
Coventry,1
CROWN,1
Terminal,1
Montclam,1
Colleen,1
CLOVER,1
Rebecca,1
HOLLAWAY,1
203,1
ALTON,1
Glenbrook,1
Genebern,1
1427,1
AUGUSTA,1
Merlin,1
FORESTER,1
HERNANDEZ,1
STAIRWAY7,1
Huff,1
DEDMAN,1
SHELDON,1
Sta,1
MADRID,1
LISBON,1
Hall,1
ASHWOOD,1
Balance,1
Lay,1
Tera,1
TALBERT,1
Flint,1
GAVEN,1
Falton,1
JUANITA,1
School,1
1322,1
TOMPKIN,1
Banbury,1
PARIS,1
MAJESTIC,1
SAGAMORE,1
POLARIS,1
PIXLEY,1
Pico,1
MIDDLE,1
Montclair,1
Rolison,1
MAYWOOD,1
CRESTA,1
CHAVEZ,1
Christopher,1
GRATTAN,1
Brush,1
Alberta,1
Sydney,1
9th,1
CASTILLO,1
MUSEUM,1
GRIJALVA,1
Mandosa,1
FANNING,1
Pilgrim,1
Larkinrick,1
Convention,1
GLENVIEW,1
YUKON,1
Palmos,1
CLIFFORD,1
MOFFITT,1
ALLISON,1
LUPINE,1
WILLARD,1
46,1
Woe,1
Mon,1
Lot,1
SADOWA,1
Harris,1
HILIRITAS,1
BORICA,1
HILLWAY,1
VERNON,1
620,1
MOUNTAIN,1
GAMBIER,1
Nantucket,1
BROSNAN,1
So.,1
GOLD,1
STAIRWAY20,1
Ross,1
BEAVER,1
NAVY,1
PEIRCE,1
JOSE,1
4384,1
de,1
60,1
MOSCOW,1
Bannock,1
MANGELS,1
Morningside,1
NAGLEE,1
CONRAD,1
Hayde,1
Beardman,1
FREDRICK,1
FELTON,1
39TH,1
Milan,1
(24box),1
BURNSIDE,1
STAIRWAY36,1
ALHAMBRA,1
Camona,1
CIRCULAR,1
Homewood,1
ALVARADO,1
KIRKWOOD,1
Midcrest,1
Northpoint,1
RALSTON,1
38TH,1
PALMETTO,1
Jean,1
Culebra,1
EDITH,1
MAYFLOWER,1
MINNESOTA,1
HARRIET,1
PARK,1
A,1
NEWMAN,1
OAKHURST,1
WAVERLY,1
Alcarado,1
VULCAN,1
Sebastian,1
PEMBERTON,1
APPLETON,1
ANDERSON,1
Metropolitan,1
BOWDOIN,1
Redondo,1
92,1
ORA,1
Christmas,1
Conkling,1
MIGUEL,1
REX,1
EDINBURGH,1
TURQUOISE,1
STAIRWAY49,1
Aladdin,1
FERN,1
GRANADA,1
JUAN,1
Harlow,1
SUNNYDALE,1
Russian,1
LANSING,1
Pullman,1
Julius,1
MIRABEL,1
MULLEN,1
622,1
SILLIMAN,1
PRENTISS,1
Woodhaven,1
Sunnyvale,1
Sickles,1
Richard,1
FAITH,1
170,1
STAIRWAY26,1
Everglade,1
LAFAYETTE,1
ARMY,1
ROCKDALE,1
JARBO,1
Virgil,1
PEREGO,1
106,1
ASHTON,1
GERKE,1
PIOCHE,1
POPE,1
Navajo,1
Meadowbrook,1
VENUS,1
Wallber,1
KEY,1
Hopkins,1
Dunbar,1
VARENNES,1
CAMBON,1
PROGRESS,1
Montague,1
MONTEZUMA,1
FEDERAL,1
DAY,1
Zoo,1
Godeus,1
MAPLE,1
state,1
FOLOSOM,1
NORWICH,1
MONTICELLO,1
Canal,1
URBANO,1
Niantic,1
Guardalupe,1
Macedonia,1
Imperial,1
CONGDON,1
ANZAVISTA,1
STAIRWAY50,1
Tacoma,1
COTTER,1
MONETA,1
Enterprise,1
Lucky,1
STAIRWAY27,1
Tubbs,1
Cityview,1
CRESTLINE,1
JOICE,1
Coralino,1
1360,1
63,1
Andenwood,1
Turner,1
UNIVERSITY,1
SEAL,1
Balhi,1
Binford,1
4th,1
YERBA,1
Justin,1
HARRY,1
CAIRE,1
TAMALPAIS,1
GAT,1
AMAZON,1
LUSK,1
Charlton,1
Morgan,1
8TH,1
RIDGEWOOD,1
Service,1
CARVER,1
Fost,1
Mizoah,1
UNDERWOOD,1
Lacrosse,1
JAMESTOWN,1
CAMBRIDGE,1
S.,1
Scotland,1
Kaplan,1
LARCH,1
Argo,1
7th,1
CERVANTES,1
misson,1
OSCEOLA,1
Cascade,1
HANOVER,1
CEDRO,1
TUNNEL,1
Pinar,1
ELGIN,1
THERESA,1
BUCKINGHAM,1
LANSDALE,1
ROTTECK,1
GIRARD,1
SEYMOUR,1
Beeman,1
Balceta,1
TOPAZ,1
